,benchmark,O3_cycles,O3_compile_time,actions,cycles,compile_time
0,2_5,1530892.0,0.2352452278137207,"-inferattrs, -consthoist","2141753.0, 2141753.0","0.5331385135650635, 0.6968986988067627"
