,benchmark,O3_cycles,O3_compile_time,actions,cycles,compile_time
0,1_17,1821277.0,0.15811491012573242,"-cross-dso-cfi, -cross-dso-cfi","1863379.0, 1863379.0","0.20250487327575684, 0.3082122802734375"
0,1_79,1937008.0,0.2547483444213867,"-flattencfg, -flattencfg","2295271.0, 2295271.0","0.19498920440673828, 0.3134193420410156"
